{
  "parent": "minecraft:item/generated",
  "textures": {
    "layer0": "minecraft:item/blaze_powder"
  },
  "overrides": [
    {
      "predicate": {
        "custom_model_data": 7
      },
      "model": "minecraft:item/inferno_fire_7"
    },
    {
      "predicate": {
        "custom_model_data": 6
      },
      "model": "minecraft:item/inferno_fire_6"
    },
    {
      "predicate": {
        "custom_model_data": 5
      },
      "model": "minecraft:item/inferno_fire_5"
    },
    {
      "predicate": {
        "custom_model_data": 4
      },
      "model": "minecraft:item/inferno_fire_4"
    },
    {
      "predicate": {
        "custom_model_data": 3
      },
      "model": "minecraft:item/inferno_fire_3"
    },
    {
      "predicate": {
        "custom_model_data": 2
      },
      "model": "minecraft:item/inferno_fire_2"
    },
    {
      "predicate": {
        "custom_model_data": 1
      },
      "model": "minecraft:item/inferno_fire_1"
    },
    {
      "predicate": {
        "custom_model_data": 0
      },
      "model": "minecraft:item/inferno_fire_0"
    }
  ]
}
