{
	"credit": "Needler arrow by jam made with blockbench",
	"texture_size": [32, 32],
	"textures": {
		"0": "item/generic_needler_arrow_model"
	},
	"elements": [
		{
			"name": "body",
			"from": [0, 0, 8],
			"to": [16, 5, 8],
			"rotation": {"angle": 0, "axis": "y", "origin": [8, 0, 8]},
			"faces": {
				"north": {"uv": [0, 0, 8, 2.5], "texture": "#0"},
				"east": {"uv": [0, 0, 0, 2.5], "texture": "#0"},
				"south": {"uv": [8, 0, 16, 2.5], "texture": "#0"},
				"west": {"uv": [8, 0, 8, 2.5], "texture": "#0"},
				"up": {"uv": [8, 0, 0, 0], "texture": "#0"},
				"down": {"uv": [16, 0, 8, 0], "texture": "#0"}
			}
		},
		{
			"name": "body",
			"from": [0, 2.5, 5.5],
			"to": [16, 2.5, 10.5],
			"rotation": {"angle": 0, "axis": "y", "origin": [8, 0, 8]},
			"faces": {
				"north": {"uv": [0, 2.5, 8, 2.5], "texture": "#0"},
				"east": {"uv": [-2.5, 2.5, 0, 2.5], "texture": "#0"},
				"south": {"uv": [10.5, 2.5, 18.5, 2.5], "texture": "#0"},
				"west": {"uv": [8, 2.5, 10.5, 2.5], "texture": "#0"},
				"up": {"uv": [8, 2.5, 0, 0], "texture": "#0"},
				"down": {"uv": [16, 2.5, 8, 5], "texture": "#0"}
			}
		}
	],
	"display": {
		"thirdperson_righthand": {
			"rotation": [0, 0, -90],
			"translation": [-0.75, 2.25, 0]
		},
		"thirdperson_lefthand": {
			"rotation": [0, 0, -90]
		},
		"firstperson_righthand": {
			"rotation": [85, -79, -3],
			"translation": [0, 6.5, 7.25]
		},
		"firstperson_lefthand": {
			"rotation": [-4, -17, 94],
			"translation": [-3.25, 5.25, 0]
		},
		"gui": {
			"rotation": [0, 0, -40],
			"translation": [3.25, 4.25, 0]
		},
		"head": {
			"rotation": [0, -90, -25],
			"translation": [0, 11.5, -10]
		}
	},
	"groups": [
		{
			"name": "body",
			"origin": [8, 2.5, 8],
			"color": 0,
			"children": [0, 1]
		}
	]
}