{
	"credit": "Corrupt arrow by jam made with blockbench",
	"texture_size": [32, 32],
	"textures": {
		"0": "item/corrupt_arrow_texture"
	},
	"elements": [
		{
			"name": "body",
			"from": [8, 8, 0],
			"to": [8, 13, 16],
			"rotation": {"angle": 45, "axis": "z", "origin": [8, 10.5, 7.5]},
			"faces": {
				"east": {"uv": [0, 0, 8, 2.5], "texture": "#0"},
				"west": {"uv": [8, 0, 16, 2.5], "texture": "#0"}
			}
		},
		{
			"name": "body",
			"from": [5.5, 8, 15],
			"to": [10.5, 13, 15],
			"rotation": {"angle": 45, "axis": "z", "origin": [8, 10.5, 7.5]},
			"faces": {
				"north": {"uv": [0, 2.5, 2.5, 5], "texture": "#0"},
				"south": {"uv": [0, 2.5, 2.5, 5], "texture": "#0"}
			}
		},
		{
			"name": "body",
			"from": [5.5, 10.5, 0],
			"to": [10.5, 10.5, 16],
			"rotation": {"angle": 45, "axis": "z", "origin": [8, 10.5, 7.5]},
			"faces": {
				"up": {"uv": [8, 2.5, 0, 0], "rotation": 90, "texture": "#0"},
				"down": {"uv": [8, 0, 0, 2.5], "rotation": 270, "texture": "#0"}
			}
		}
	],
	"display": {
		"thirdperson_righthand": {
			"rotation": [52, 0, 0],
			"translation": [-6, 0, -4.75]
		},
		"thirdperson_lefthand": {
			"rotation": [86, 0, 0],
			"translation": [-6.75, -12.5, 0]
		},
		"gui": {
			"rotation": [90, -45, 0]
		},
		"head": {
			"rotation": [21, 0, 0],
			"translation": [0, 3.25, -13]
		}
	},
	"groups": [
		{
			"name": "body",
			"origin": [8, 2.5, 8],
			"color": 0,
			"children": [0, 1, 2]
		}
	]
}