{
    "parent": "minecraft:item/generated",
    "gui_light": "front",
    "textures": {
        "layer0": "minecraft:item/arrow"
    },
  "overrides": [
      {
          "predicate": {
              "custom_model_data": 1
          },
          "model": "item/arrow_generic"
      },
      {
          "predicate": {
              "custom_model_data": 2
          },
          "model": "item/arrow_needler"
      },
      {
          "predicate": {
              "custom_model_data": 3
          },
          "model": "item/arrow_corrupt"
      },
      {
          "predicate": {
              "custom_model_data": 4
          },
          "model": "item/arrow_corrupt_item"
      }
   ]
}
