{
    "parent": "minecraft:item/generated",
    "textures": {
      "layer0": "minecraft:item/iron_sword"
    },
  "display": {
    "firstperson_righthand": {
      "rotation": [ 0, -11.25, 101.25 ],
      "scale": [ 0.7, 0.7, 0.7 ],
      "translation": [ -4.5, 2.5, 0]
    },
    "firstperson_lefthand": {
      "rotation": [ 0, -11.25, 11.25 ],
      "scale": [ 0.7, 0.7, 0.7 ],
      "translation": [ -4.5, 2.5, 0]
    },
    "thirdperson_righthand": {
      "rotation": [ 33.75, -45, 90 ],
      "translation": [ -3, 2.5, 0.5 ],
      "scale": [ 0.85, 0.85, 0.85 ]
    },
    "thirdperson_lefthand": {
      "rotation": [ 33.75, -45, 0 ],
      "translation": [ -3, 2.5, 0.5 ],
      "scale": [ 0.85, 0.85, 0.85 ]
    }
  }
}