{
    "providers": [
        {
            "type": "bitmap",
            "file": "minecraft:mobs/headunknown.png",
            "ascent": 8,
            "height": 8,
            "chars": ["𘠀"]
        },
        {
            "type": "bitmap",
            "file": "minecraft:mobs/headskeleton.png",
            "ascent": 8,
            "height": 8,
            "chars": ["𘠁"]
        },
        {
            "type": "bitmap",
            "file": "minecraft:mobs/headirongolem.png",
            "ascent": 8,
            "height": 8,
            "chars": ["𘠂"]
        },
        {
            "type": "bitmap",
            "file": "minecraft:mobs/headspider.png",
            "ascent": 8,
            "height": 8,
            "chars": ["𘠃"]
        },
        {
            "type": "bitmap",
            "file": "minecraft:mobs/headslime.png",
            "ascent": 8,
            "height": 8,
            "chars": ["𘠄"]
        },
        {
            "type": "bitmap",
            "file": "minecraft:mobs/headenderman.png",
            "ascent": 8,
            "height": 8,
            "chars": ["𘠅"]
        },
        {
            "type": "bitmap",
            "file": "minecraft:mobs/headsquid.png",
            "ascent": 8,
            "height": 8,
            "chars": ["𘠆"]
        },
        {
            "type": "bitmap",
            "file": "minecraft:mobs/headcreeper.png",
            "ascent": 8,
            "height": 8,
            "chars": ["𘠇"]
        },
        {
            "type": "bitmap",
            "file": "minecraft:mobs/headwolf.png",
            "ascent": 8,
            "height": 8,
            "chars": ["𘠈"]
        },
        {
            "type": "bitmap",
            "file": "minecraft:mobs/headsnowman.png",
            "ascent": 8,
            "height": 8,
            "chars": ["𘠉"]
        },
        {
            "type": "bitmap",
            "file": "minecraft:mobs/headmagmacube.png",
            "ascent": 8,
            "height": 8,
            "chars": ["𘠊"]
        },
        {
            "type": "bitmap",
            "file": "minecraft:mobs/headwitch.png",
            "ascent": 8,
            "height": 8,
            "chars": ["𘠋"]
        },
        {
            "type": "bitmap",
            "file": "minecraft:mobs/headzombie.png",
            "ascent": 8,
            "height": 8,
            "chars": ["𘠌"]
        },
        {
            "type": "bitmap",
            "file": "minecraft:mobs/headwitherskeleton.png",
            "ascent": 8,
            "height": 8,
            "chars": ["𘠍"]
        },
        {
            "type": "bitmap",
            "file": "minecraft:mobs/headcow.png",
            "ascent": 8,
            "height": 8,
            "chars": ["𘠎"]
        },
        {
            "type": "bitmap",
            "file": "minecraft:mobs/headskeletonhorse.png",
            "ascent": 8,
            "height": 8,
            "chars": ["𘠏"]
        },
        {
            "type": "bitmap",
            "file": "minecraft:mobs/headpig.png",
            "ascent": 8,
            "height": 8,
            "chars": ["𘠐"]
        },
        {
            "type": "bitmap",
            "file": "minecraft:mobs/headblaze.png",
            "ascent": 8,
            "height": 8,
            "chars": ["𘠑"]
        },
        {
            "type": "bitmap",
            "file": "minecraft:mobs/headchicken.png",
            "ascent": 8,
            "height": 8,
            "chars": ["𘠒"]
        },
        {
            "type": "bitmap",
            "file": "minecraft:mobs/headguardian.png",
            "ascent": 8,
            "height": 8,
            "chars": ["𘠓"]
        },
        {
            "type": "bitmap",
            "file": "minecraft:mobs/headsheep.png",
            "ascent": 8,
            "height": 8,
            "chars": ["𘠔"]
        },
        {
            "type": "bitmap",
            "file": "minecraft:mobs/headvillager.png",
            "ascent": 8,
            "height": 8,
            "chars": ["𘠕"]
        },
        {
            "type": "bitmap",
            "file": "minecraft:mobs/headcavespider.png",
            "ascent": 8,
            "height": 8,
            "chars": ["𘠖"]
        },
        {
            "type": "bitmap",
            "file": "minecraft:mobs/headdonkey.png",
            "ascent": 8,
            "height": 8,
            "chars": ["𘠗"]
        },
        {
            "type": "bitmap",
            "file": "minecraft:mobs/headbreeze.png",
            "ascent": 8,
            "height": 8,
            "chars": ["𘠘"]
        },
        {
            "type": "bitmap",
            "file": "minecraft:mobs/headcamel.png",
            "ascent": 8,
            "height": 8,
            "chars": ["𘠙"]
        },
        {
            "type": "bitmap",
            "file": "minecraft:mobs/headdolphin.png",
            "ascent": 8,
            "height": 8,
            "chars": ["𘠚"]
        },
        {
            "type": "bitmap",
            "file": "minecraft:mobs/headdrowned.png",
            "ascent": 8,
            "height": 8,
            "chars": ["𘠛"]
        },
        {
            "type": "bitmap",
            "file": "minecraft:mobs/headevoker.png",
            "ascent": 8,
            "height": 8,
            "chars": ["𘠜"]
        },
        {
            "type": "bitmap",
            "file": "minecraft:mobs/headfoxmcloud.png",
            "ascent": 8,
            "height": 8,
            "chars": ["𘠝"]
        },
        {
            "type": "bitmap",
            "file": "minecraft:mobs/headfrog.png",
            "ascent": 8,
            "height": 8,
            "chars": ["𘠯"]
        },
        {
            "type": "bitmap",
            "file": "minecraft:mobs/headglowsquid.png",
            "ascent": 8,
            "height": 8,
            "chars": ["𘠞"]
        },
        {
            "type": "bitmap",
            "file": "minecraft:mobs/headgoat.png",
            "ascent": 8,
            "height": 8,
            "chars": ["𘠟"]
        },
        {
            "type": "bitmap",
            "file": "minecraft:mobs/headhusk.png",
            "ascent": 8,
            "height": 8,
            "chars": ["𘠠"]
        },
        {
            "type": "bitmap",
            "file": "minecraft:mobs/headillusioner.png",
            "ascent": 8,
            "height": 8,
            "chars": ["𘠡"]
        },
        {
            "type": "bitmap",
            "file": "minecraft:mobs/headllama.png",
            "ascent": 8,
            "height": 8,
            "chars": ["𘠢"]
        },
        {
            "type": "bitmap",
            "file": "minecraft:mobs/headpanda.png",
            "ascent": 8,
            "height": 8,
            "chars": ["𘠣"]
        },
        {
            "type": "bitmap",
            "file": "minecraft:mobs/headpiglin.png",
            "ascent": 8,
            "height": 8,
            "chars": ["𘠤"]
        },
        {
            "type": "bitmap",
            "file": "minecraft:mobs/headpolarbear.png",
            "ascent": 8,
            "height": 8,
            "chars": ["𘠥"]
        },
        {
            "type": "bitmap",
            "file": "minecraft:mobs/headsnoweyman.png",
            "ascent": 8,
            "height": 8,
            "chars": ["𘠦"]
        },
        {
            "type": "bitmap",
            "file": "minecraft:mobs/headstray.png",
            "ascent": 8,
            "height": 8,
            "chars": ["𘠰"]
        },
        {
            "type": "bitmap",
            "file": "minecraft:mobs/headvindicator.png",
            "ascent": 8,
            "height": 8,
            "chars": ["𘠱"]
        },
        {
            "type": "bitmap",
            "file": "minecraft:mobs/headwitherboss.png",
            "ascent": 8,
            "height": 8,
            "chars": ["𘠲"]
        },
        {
            "type": "bitmap",
            "file": "minecraft:mobs/headzombiehorse.png",
            "ascent": 8,
            "height": 8,
            "chars": ["𘠳"]
        }
    ]
}
